{"stats":{"minecraft:custom":{"minecraft:jump":84,"minecraft:time_since_rest":272,"minecraft:deaths":1,"minecraft:damage_dealt":72,"minecraft:leave_game":4,"minecraft:play_time":2852,"minecraft:sprint_one_cm":5877,"minecraft:damage_taken":220,"minecraft:time_since_death":0,"minecraft:walk_one_cm":5630,"minecraft:total_world_time":2852,"minecraft:fall_one_cm":2154,"minecraft:fly_one_cm":20519},"minecraft:killed_by":{"minecraft:zombie":1},"minecraft:mined":{"minecraft:grass":9,"minecraft:grass_block":1},"minecraft:picked_up":{"minecraft:dirt":1}},"DataVersion":2975}