{"stats":{"minecraft:crafted":{"minecraft:oak_planks":8,"minecraft:crafting_table":1,"minecraft:stick":4},"minecraft:used":{"minecraft:crafting_table":1},"minecraft:picked_up":{"minecraft:oak_log":2,"minecraft:dirt":1},"minecraft:mined":{"minecraft:grass":1,"minecraft:grass_block":1,"minecraft:oak_log":2,"minecraft:vine":2,"minecraft:oak_leaves":4},"minecraft:custom":{"minecraft:time_since_rest":1374,"minecraft:play_time":1374,"minecraft:sprint_one_cm":1519,"minecraft:walk_one_cm":3746,"minecraft:walk_under_water_one_cm":162,"minecraft:jump":18,"minecraft:time_since_death":1374,"minecraft:leave_game":1,"minecraft:walk_on_water_one_cm":86,"minecraft:total_world_time":1374,"minecraft:climb_one_cm":246,"minecraft:swim_one_cm":2312,"minecraft:interact_with_crafting_table":2,"minecraft:fly_one_cm":4472}},"DataVersion":2975}