{"stats":{"minecraft:custom":{"minecraft:interact_with_furnace":24,"minecraft:mob_kills":19,"minecraft:interact_with_crafting_table":11,"minecraft:leave_game":1,"minecraft:time_since_death":162123,"minecraft:sleep_in_bed":7,"minecraft:climb_one_cm":4597,"minecraft:time_since_rest":39335,"minecraft:sprint_one_cm":483798,"minecraft:damage_taken":1248,"minecraft:walk_one_cm":347371,"minecraft:damage_dealt":1825,"minecraft:swim_one_cm":119210,"minecraft:fly_one_cm":353066,"minecraft:open_chest":3,"minecraft:crouch_one_cm":2973,"minecraft:play_time":170892,"minecraft:deaths":2,"minecraft:sneak_time":856,"minecraft:walk_under_water_one_cm":24603,"minecraft:jump":2507,"minecraft:walk_on_water_one_cm":58324,"minecraft:total_world_time":170892,"minecraft:fall_one_cm":51271},"minecraft:used":{"minecraft:cooked_mutton":6,"minecraft:diorite":1,"minecraft:stone_pickaxe":131,"minecraft:oak_planks":2,"minecraft:wooden_pickaxe":9,"minecraft:cooked_chicken":1,"minecraft:iron_chestplate":1,"minecraft:torch":8,"minecraft:dirt":5,"minecraft:cocoa_beans":1,"minecraft:crafting_table":7,"minecraft:white_bed":7,"minecraft:acacia_sapling":1,"minecraft:iron_pickaxe":250,"minecraft:iron_helmet":1,"minecraft:iron_boots":1,"minecraft:wooden_sword":84,"minecraft:cobblestone":82,"minecraft:cooked_porkchop":5,"minecraft:furnace":3,"minecraft:cooked_beef":10,"minecraft:acacia_planks":5,"minecraft:iron_leggings":1},"minecraft:mined":{"minecraft:acacia_leaves":1,"minecraft:white_bed":7,"minecraft:crafting_table":6,"minecraft:glow_lichen":3,"minecraft:torch":2,"minecraft:granite":4,"minecraft:acacia_log":13,"minecraft:grass_block":16,"minecraft:dead_bush":1,"minecraft:tall_grass":6,"minecraft:copper_ore":26,"minecraft:diorite":1,"minecraft:wall_torch":2,"minecraft:spawner":1,"minecraft:seagrass":3,"minecraft:tall_seagrass":12,"minecraft:furnace":3,"minecraft:iron_ore":42,"minecraft:grass":166,"minecraft:cocoa":3,"minecraft:oak_log":6,"minecraft:coal_ore":84,"minecraft:deepslate_iron_ore":9,"minecraft:gravel":1,"minecraft:dirt":2,"minecraft:stone":213,"minecraft:fern":29,"minecraft:oak_leaves":25,"minecraft:deepslate":3},"minecraft:crafted":{"minecraft:cooked_beef":10,"minecraft:wooden_sword":2,"minecraft:oak_planks":24,"minecraft:cooked_porkchop":10,"minecraft:crafting_table":4,"minecraft:cooked_chicken":1,"minecraft:wooden_pickaxe":3,"minecraft:iron_helmet":1,"minecraft:furnace":1,"minecraft:cooked_mutton":3,"minecraft:iron_chestplate":1,"minecraft:iron_boots":1,"minecraft:stick":20,"minecraft:iron_ingot":35,"minecraft:iron_pickaxe":1,"minecraft:stone_pickaxe":1,"minecraft:iron_leggings":1,"minecraft:white_bed":2,"minecraft:acacia_planks":52,"minecraft:torch":12},"minecraft:picked_up":{"minecraft:cocoa_beans":5,"minecraft:crafting_table":6,"minecraft:chicken":1,"minecraft:leather":2,"minecraft:oak_log":6,"minecraft:dirt":17,"minecraft:raw_copper":101,"minecraft:cooked_mutton":3,"minecraft:apple":1,"minecraft:wheat_seeds":29,"minecraft:cobbled_deepslate":3,"minecraft:beef":10,"minecraft:acacia_sapling":1,"minecraft:furnace":3,"minecraft:stick":2,"minecraft:raw_iron":50,"minecraft:torch":4,"minecraft:acacia_log":13,"minecraft:porkchop":10,"minecraft:diorite":1,"minecraft:white_bed":6,"minecraft:rotten_flesh":1,"minecraft:granite":4,"minecraft:oak_sapling":3,"minecraft:mutton":11,"minecraft:coal":221,"minecraft:white_wool":8,"minecraft:cobblestone":211},"minecraft:killed":{"minecraft:pig":4,"minecraft:sheep":8,"minecraft:zombie":2,"minecraft:chicken":1,"minecraft:cow":4},"minecraft:broken":{"minecraft:stone_pickaxe":1,"minecraft:wooden_sword":1,"minecraft:iron_pickaxe":1}},"DataVersion":2975}